timestamp,image_id,output_path,status,codex_session,note
2026-07-10T23:19:50-0400,modular-walk-in-closet-l-shaped_white_seamless_hero,public/Images/Residential/Closets/Walk-In Closets/Modular Walk-In Closet System L-Shaped/modular walk-in closet system l-shaped 1.png,FAIL,,codex CLI not found on PATH
2026-07-10T23:19:51-0400,modular-walk-in-closet-l-shaped_three_quarter_angle,public/Images/Residential/Closets/Walk-In Closets/Modular Walk-In Closet System L-Shaped/modular walk-in closet system l-shaped 2.png,FAIL,,codex CLI not found on PATH
2026-07-10T23:19:51-0400,modular-walk-in-closet-l-shaped_full_room_scene_condo,public/Images/Residential/Closets/Walk-In Closets/Modular Walk-In Closet System L-Shaped/modular walk-in closet system l-shaped 3.png,FAIL,,codex CLI not found on PATH
2026-07-10T23:19:51-0400,modular-walk-in-closet-l-shaped_full_room_scene_condo,public/Images/Residential/Closets/Walk-In Closets/Modular Walk-In Closet System L-Shaped/modular walk-in closet system l-shaped 3.png,QUOTA,,stopping after 3 consecutive fails (last error: codex CLI not found on PATH)
2026-07-10T23:40:50-0400,modular-walk-in-closet-l-shaped_white_seamless_hero,public/Images/Residential/Closets/Walk-In Closets/Modular Walk-In Closet System L-Shaped/modular walk-in closet system l-shaped 1.png,OK,019f4f41-c699-72d1-be80-8b31834d7211,1990465 bytes
2026-07-10T23:42:27-0400,modular-walk-in-closet-l-shaped_three_quarter_angle,public/Images/Residential/Closets/Walk-In Closets/Modular Walk-In Closet System L-Shaped/modular walk-in closet system l-shaped 2.png,OK,019f4f43-85c7-7f20-add5-35aa7133c934,1644015 bytes
2026-07-10T23:43:44-0400,modular-walk-in-closet-l-shaped_full_room_scene_condo,public/Images/Residential/Closets/Walk-In Closets/Modular Walk-In Closet System L-Shaped/modular walk-in closet system l-shaped 3.png,OK,019f4f44-fd54-76b3-b267-515adffc4e95,2251516 bytes
2026-07-11T00:06:01-0400,modular-walk-in-closet-l-shaped_full_room_scene_model_unit,public/Images/Residential/Closets/Walk-In Closets/Modular Walk-In Closet System L-Shaped/modular walk-in closet system l-shaped 4.png,OK,019f4f59-3676-7361-9f72-7d7d555a45d7,1910471 bytes
2026-07-11T00:07:37-0400,modular-walk-in-closet-l-shaped_hardware_detail,public/Images/Residential/Closets/Walk-In Closets/Modular Walk-In Closet System L-Shaped/modular walk-in closet system l-shaped 5.png,OK,019f4f5a-8d63-79c1-b169-8713008801a8,2152289 bytes
2026-07-11T00:08:57-0400,modular-walk-in-closet-l-shaped_material_swatch_row,public/Images/Residential/Closets/Walk-In Closets/Modular Walk-In Closet System L-Shaped/modular walk-in closet system l-shaped 6.png,OK,019f4f5c-0020-7fc0-8c3d-7d1cf481bc82,1677297 bytes
2026-07-11T00:10:37-0400,boutique-walk-in-wardrobe-island_white_seamless_hero,public/Images/Residential/Closets/Walk-In Closets/Boutique Walk-In Wardrobe with Center Island/boutique walk-in wardrobe with center island 1.png,OK,019f4f5d-3ce6-7f72-8273-b134eac17894,1771439 bytes
2026-07-11T00:12:14-0400,boutique-walk-in-wardrobe-island_three_quarter_angle,public/Images/Residential/Closets/Walk-In Closets/Boutique Walk-In Wardrobe with Center Island/boutique walk-in wardrobe with center island 2.png,OK,019f4f5e-cf62-7c92-8f0d-2a3d5b83c8b0,1799551 bytes
2026-07-11T00:13:47-0400,boutique-walk-in-wardrobe-island_full_room_scene_condo,public/Images/Residential/Closets/Walk-In Closets/Boutique Walk-In Wardrobe with Center Island/boutique walk-in wardrobe with center island 3.png,OK,019f4f60-444e-7583-90d5-27a01fb683fb,2347204 bytes
2026-07-11T00:15:19-0400,boutique-walk-in-wardrobe-island_full_room_scene_dressing_room,public/Images/Residential/Closets/Walk-In Closets/Boutique Walk-In Wardrobe with Center Island/boutique walk-in wardrobe with center island 4.png,OK,019f4f61-ae21-74e1-b94e-5170181170c2,2213170 bytes
2026-07-11T00:17:11-0400,boutique-walk-in-wardrobe-island_hardware_detail,public/Images/Residential/Closets/Walk-In Closets/Boutique Walk-In Wardrobe with Center Island/boutique walk-in wardrobe with center island 5.png,OK,019f4f63-268d-73c0-8810-c31349a7ffe8,2108321 bytes
2026-07-11T00:18:36-0400,boutique-walk-in-wardrobe-island_functional_transformation,public/Images/Residential/Closets/Walk-In Closets/Boutique Walk-In Wardrobe with Center Island/boutique walk-in wardrobe with center island 6.png,OK,019f4f64-d1d4-71b0-8ece-68ba854ba060,1788087 bytes
2026-07-11T00:20:33-0400,floor-to-ceiling-closet-double-sided_white_seamless_hero,public/Images/Residential/Closets/Walk-In Closets/Floor-to-Ceiling Walk-In Closet Double-Sided/floor-to-ceiling walk-in closet double-sided 1.png,OK,019f4f66-1747-7f91-b611-d827d8a6dd9c,2302380 bytes
2026-07-11T00:22:28-0400,floor-to-ceiling-closet-double-sided_three_quarter_angle,public/Images/Residential/Closets/Walk-In Closets/Floor-to-Ceiling Walk-In Closet Double-Sided/floor-to-ceiling walk-in closet double-sided 2.png,OK,019f4f67-e04c-7330-a216-6d40959542d2,1996537 bytes
2026-07-11T00:23:52-0400,floor-to-ceiling-closet-double-sided_full_room_scene_condo,public/Images/Residential/Closets/Walk-In Closets/Floor-to-Ceiling Walk-In Closet Double-Sided/floor-to-ceiling walk-in closet double-sided 3.png,OK,019f4f69-a023-7180-a01e-69b140686229,2229458 bytes
2026-07-11T00:25:11-0400,floor-to-ceiling-closet-double-sided_full_room_scene_townhome,public/Images/Residential/Closets/Walk-In Closets/Floor-to-Ceiling Walk-In Closet Double-Sided/floor-to-ceiling walk-in closet double-sided 4.png,OK,019f4f6a-e492-7752-b265-0ddf751a1b92,1742328 bytes
2026-07-11T00:26:38-0400,floor-to-ceiling-closet-double-sided_hardware_detail,public/Images/Residential/Closets/Walk-In Closets/Floor-to-Ceiling Walk-In Closet Double-Sided/floor-to-ceiling walk-in closet double-sided 5.png,OK,019f4f6c-1c76-7490-b8ae-90a6611adc64,1995415 bytes
2026-07-11T00:27:45-0400,floor-to-ceiling-closet-double-sided_material_swatch_row,public/Images/Residential/Closets/Walk-In Closets/Floor-to-Ceiling Walk-In Closet Double-Sided/floor-to-ceiling walk-in closet double-sided 6.png,OK,019f4f6d-773d-79e3-81cf-93b9497ed996,1797805 bytes
2026-07-11T00:29:09-0400,compact-walk-in-closet-condos_white_seamless_hero,public/Images/Residential/Closets/Walk-In Closets/Compact Walk-In Closet System for Condos/compact walk-in closet system for condos 1.png,OK,019f4f6e-7518-7fc2-9d46-dd5a8f3f52b3,1482399 bytes
2026-07-11T00:30:43-0400,compact-walk-in-closet-condos_three_quarter_angle,public/Images/Residential/Closets/Walk-In Closets/Compact Walk-In Closet System for Condos/compact walk-in closet system for condos 2.png,OK,019f4f6f-c2ee-7c43-8817-19b6c31e2568,1486978 bytes
2026-07-11T00:32:20-0400,compact-walk-in-closet-condos_full_room_scene_condo,public/Images/Residential/Closets/Walk-In Closets/Compact Walk-In Closet System for Condos/compact walk-in closet system for condos 3.png,OK,019f4f71-4f6e-7820-80ce-91da149827fa,1666794 bytes
2026-07-11T00:34:10-0400,compact-walk-in-closet-condos_full_room_scene_micro_unit,public/Images/Residential/Closets/Walk-In Closets/Compact Walk-In Closet System for Condos/compact walk-in closet system for condos 4.png,OK,019f4f72-b94c-7c92-bfe0-0ec4cc6dda15,1834980 bytes
2026-07-11T00:35:55-0400,compact-walk-in-closet-condos_hardware_detail,public/Images/Residential/Closets/Walk-In Closets/Compact Walk-In Closet System for Condos/compact walk-in closet system for condos 5.png,OK,019f4f74-59eb-7e43-a791-c6c7ec206d25,1876882 bytes
2026-07-11T00:37:38-0400,compact-walk-in-closet-condos_functional_transformation,public/Images/Residential/Closets/Walk-In Closets/Compact Walk-In Closet System for Condos/compact walk-in closet system for condos 6.png,OK,019f4f75-f3f5-7152-bc7d-aab39fdf2e88,1550302 bytes
2026-07-11T00:39:20-0400,luxury-dressing-room-vanity_white_seamless_hero,public/Images/Residential/Closets/Walk-In Closets/Luxury Dressing Room Suite with Vanity/luxury dressing room suite with vanity 1.png,OK,019f4f77-8ce7-7243-91cc-796b41ecf06e,1815881 bytes
2026-07-11T00:41:02-0400,luxury-dressing-room-vanity_three_quarter_angle,public/Images/Residential/Closets/Walk-In Closets/Luxury Dressing Room Suite with Vanity/luxury dressing room suite with vanity 2.png,OK,019f4f79-16d5-7fe0-ba2e-2f5eb095d649,1846068 bytes
2026-07-11T00:42:36-0400,luxury-dressing-room-vanity_full_room_scene_condo,public/Images/Residential/Closets/Walk-In Closets/Luxury Dressing Room Suite with Vanity/luxury dressing room suite with vanity 3.png,OK,019f4f7a-a459-7890-83d1-ef59944a9848,2179330 bytes
2026-07-11T00:44:24-0400,luxury-dressing-room-vanity_full_room_scene_dressing_room,public/Images/Residential/Closets/Walk-In Closets/Luxury Dressing Room Suite with Vanity/luxury dressing room suite with vanity 4.png,OK,019f4f7c-2fc0-76b2-905b-4debc40517d8,2131575 bytes
2026-07-11T00:46:02-0400,luxury-dressing-room-vanity_hardware_detail,public/Images/Residential/Closets/Walk-In Closets/Luxury Dressing Room Suite with Vanity/luxury dressing room suite with vanity 5.png,OK,019f4f7d-b754-7de0-8e02-9daf9d0c388c,2264344 bytes
2026-07-11T00:47:38-0400,luxury-dressing-room-vanity_material_swatch_row,public/Images/Residential/Closets/Walk-In Closets/Luxury Dressing Room Suite with Vanity/luxury dressing room suite with vanity 6.png,OK,019f4f7f-3159-7183-b63d-3ef12090be02,2244836 bytes
2026-07-11T00:49:07-0400,adjustable-overbed-table_white_seamless_hero,public/Images/Hospital/Patient Room/Overbed Table/Adjustable Overbed Table/adjustable-overbed-table_white_seamless_hero.png,OK,019f4f80-b0c2-75d2-b72d-a4443aaef2e7,1554413 bytes
2026-07-11T00:50:23-0400,adjustable-overbed-table_dimension_diagram,public/Images/Hospital/Patient Room/Overbed Table/Adjustable Overbed Table/adjustable-overbed-table_dimension_diagram.png,OK,019f4f82-0d3e-7292-b1a5-9dc6b91ab40e,1188426 bytes
2026-07-11T00:51:34-0400,compact-lounge-chair_white_seamless_hero,public/Images/Hospital/Patient Room/Lounge Chair/compact-lounge-chair_white_seamless_hero.png,OK,019f4f83-3b17-7171-baf1-6d6dcb043934,1940199 bytes
2026-07-11T00:52:58-0400,compact-lounge-chair_dimension_diagram,public/Images/Hospital/Patient Room/Lounge Chair/compact-lounge-chair_dimension_diagram.png,OK,019f4f84-4bd0-7212-a726-86ec0cb7bd32,1581670 bytes
2026-07-11T00:54:38-0400,compact-lounge-chair_material_swatch_row,public/Images/Hospital/Patient Room/Lounge Chair/compact-lounge-chair_material_swatch_row.png,OK,019f4f85-9028-7fc2-9263-40ea9df0e158,2015140 bytes
2026-07-11T00:55:56-0400,compact-lounge-chair_full_room_scene,public/Images/Hospital/Patient Room/Lounge Chair/compact-lounge-chair_full_room_scene.png,OK,019f4f87-170c-7172-8bad-a040d929cd21,1961066 bytes
2026-07-11T00:57:49-0400,compact-lounge-chair_three_quarter_angle,public/Images/Hospital/Patient Room/Lounge Chair/compact-lounge-chair_three_quarter_angle.png,OK,019f4f88-45fb-7a62-ae6e-f8192f3c7831,2282630 bytes
2026-07-11T00:59:25-0400,compact-lounge-chair_hardware_detail,public/Images/Hospital/Patient Room/Lounge Chair/compact-lounge-chair_hardware_detail.png,OK,019f4f89-fc79-73b2-9b4f-0490e8cd800f,2488900 bytes
2026-07-11T01:01:08-0400,contoured-lounge-chair_white_seamless_hero,public/Images/Hospital/Patient Room/Lounge Chair/contoured-lounge-chair_white_seamless_hero.png,OK,019f4f8b-7d5b-70e0-98e7-0fbdb6d811c2,1795895 bytes
2026-07-11T01:03:40-0400,contoured-lounge-chair_dimension_diagram,public/Images/Hospital/Patient Room/Lounge Chair/contoured-lounge-chair_dimension_diagram.png,OK,019f4f8d-1245-73b3-803a-77bf672faa44,1694994 bytes
2026-07-11T01:05:16-0400,contoured-lounge-chair_full_room_scene,public/Images/Hospital/Patient Room/Lounge Chair/contoured-lounge-chair_full_room_scene.png,OK,019f4f8f-59af-7563-8587-da453fce7027,2055852 bytes
2026-07-11T01:06:31-0400,contoured-lounge-chair_three_quarter_angle,public/Images/Hospital/Patient Room/Lounge Chair/contoured-lounge-chair_three_quarter_angle.png,OK,019f4f90-e056-7872-8004-da41797a967e,1860798 bytes
2026-07-11T01:07:56-0400,contoured-lounge-chair_texture_macro,public/Images/Hospital/Patient Room/Lounge Chair/contoured-lounge-chair_texture_macro.png,OK,019f4f91-f7fd-74b2-9f42-cfc198361fb3,2998745 bytes
2026-07-11T01:09:27-0400,curved-desk_white_seamless_hero,public/Images/Hospital/Waiting Area/Reception Desk/Curved Desk/curved-desk_white_seamless_hero.png,OK,019f4f93-44b2-7b11-a6e9-df220a526973,1754092 bytes
2026-07-11T01:10:29-0400,curved-desk_dimension_diagram,public/Images/Hospital/Waiting Area/Reception Desk/Curved Desk/curved-desk_dimension_diagram.png,OK,019f4f94-a6ba-7531-83e3-d586ec13484c,1551284 bytes
2026-07-11T01:11:40-0400,curved-desk_full_room_scene,public/Images/Hospital/Waiting Area/Reception Desk/Curved Desk/curved-desk_full_room_scene.png,OK,019f4f95-9083-7503-ae8a-da04d7b98ca0,2035877 bytes
2026-07-11T01:12:53-0400,curved-desk_hardware_detail,public/Images/Hospital/Waiting Area/Reception Desk/Curved Desk/curved-desk_hardware_detail.png,OK,019f4f96-b38d-71a2-af6f-d0c63b63c0c1,2142751 bytes
2026-07-11T01:13:56-0400,double-drawer-cabinet_white_seamless_hero,public/Images/Hospital/Patient Room/Bedside Cabinet/Double Drawer Cabinet/double-drawer-cabinet_white_seamless_hero.png,OK,019f4f97-c46e-71b0-a17a-903b693f3536,1241473 bytes
2026-07-11T01:15:05-0400,double-drawer-cabinet_three_quarter_angle,public/Images/Hospital/Patient Room/Bedside Cabinet/Double Drawer Cabinet/double-drawer-cabinet_three_quarter_angle.png,OK,019f4f98-bc7f-7132-98c0-2e44c38167f9,1370752 bytes
2026-07-11T14:17:27-0400,double-drawer-cabinet_dimension_diagram,public/Images/Hospital/Patient Room/Bedside Cabinet/Double Drawer Cabinet/double-drawer-cabinet_dimension_diagram.png,OK,019f5264-778f-7703-85f9-e0c98a66fbf3,1458774 bytes
